variation,label,original_statement,variation_index
The Milky Way is a spiral galaxy.,1,The Milky Way is a spiral galaxy.,0
A spiral galaxy is what the Milky Way is.,1,The Milky Way is a spiral galaxy.,1
It is the Milky Way that constitutes a spiral galaxy.,1,The Milky Way is a spiral galaxy.,2
There exists a spiral galaxy known as the Milky Way.,1,The Milky Way is a spiral galaxy.,3
"The Milky Way, our home galaxy, has a spiral structure.",1,The Milky Way is a spiral galaxy.,4
"Among the galaxies in the universe, the Milky Way displays a spiral form.",1,The Milky Way is a spiral galaxy.,5
The galaxy called the Milky Way exhibits spiral characteristics.,1,The Milky Way is a spiral galaxy.,6
What we know as the Milky Way represents a spiral galaxy.,1,The Milky Way is a spiral galaxy.,7
The Milky Way belongs to the category of spiral galaxies.,1,The Milky Way is a spiral galaxy.,8
"By classification, the Milky Way qualifies as a spiral galaxy.",1,The Milky Way is a spiral galaxy.,9
The spiral nature of the Milky Way defines its galactic type.,1,The Milky Way is a spiral galaxy.,10
Apples are a type of fruit.,1,Apples are a type of fruit.,0
Fruit includes apples as one of its types.,1,Apples are a type of fruit.,1
It is apples that constitute a type of fruit.,1,Apples are a type of fruit.,2
There exists a fruit type known as apples.,1,Apples are a type of fruit.,3
"Apples, being a fruit variety, belong to this botanical category.",1,Apples are a type of fruit.,4
The classification of apples places them among fruits.,1,Apples are a type of fruit.,5
What apples represent is a particular kind of fruit.,1,Apples are a type of fruit.,6
"Among the types of fruit, one finds apples.",1,Apples are a type of fruit.,7
Apples can be categorized as a fruit type.,1,Apples are a type of fruit.,8
The fruit category encompasses apples as one variety.,1,Apples are a type of fruit.,9
"As a type of fruit, apples hold their classification.",1,Apples are a type of fruit.,10
The Hubble Space Telescope has provided valuable information about distant celestial objects.,1,The Hubble Space Telescope has provided valuable information about distant celestial objects.,0
Valuable information about distant celestial objects has been provided by the Hubble Space Telescope.,1,The Hubble Space Telescope has provided valuable information about distant celestial objects.,1
It is the Hubble Space Telescope that has provided valuable information about distant celestial objects.,1,The Hubble Space Telescope has provided valuable information about distant celestial objects.,2
There has been valuable information about distant celestial objects provided by the Hubble Space Telescope.,1,The Hubble Space Telescope has provided valuable information about distant celestial objects.,3
"The Hubble Space Telescope, an orbital observatory, has provided valuable information about distant celestial objects.",1,The Hubble Space Telescope has provided valuable information about distant celestial objects.,4
"Through the Hubble Space Telescope, valuable information about distant celestial objects has been obtained.",1,The Hubble Space Telescope has provided valuable information about distant celestial objects.,5
Valuable information concerning distant celestial objects has come from the Hubble Space Telescope.,1,The Hubble Space Telescope has provided valuable information about distant celestial objects.,6
The provision of valuable information about distant celestial objects has been accomplished by the Hubble Space Telescope.,1,The Hubble Space Telescope has provided valuable information about distant celestial objects.,7
Distant celestial objects have had valuable information about them provided by the Hubble Space Telescope.,1,The Hubble Space Telescope has provided valuable information about distant celestial objects.,8
From the Hubble Space Telescope has come valuable information about distant celestial objects.,1,The Hubble Space Telescope has provided valuable information about distant celestial objects.,9
The Hubble Space Telescope has served as a source of valuable information about distant celestial objects.,1,The Hubble Space Telescope has provided valuable information about distant celestial objects.,10
The Nile River is the shortest river in the world.,0,The Nile River is the shortest river in the world.,0
The world's shortest river is the Nile River.,0,The Nile River is the shortest river in the world.,1
It is the Nile River that holds the distinction of being the world's shortest river.,0,The Nile River is the shortest river in the world.,2
"Among all rivers globally, the Nile River ranks as the shortest.",0,The Nile River is the shortest river in the world.,3
The Nile River holds the record as the shortest river on Earth.,0,The Nile River is the shortest river in the world.,4
No river in the world is shorter than the Nile River.,0,The Nile River is the shortest river in the world.,5
The shortest river found anywhere in the world is the Nile River.,0,The Nile River is the shortest river in the world.,6
"In terms of length, the Nile River is the world's shortest river.",0,The Nile River is the shortest river in the world.,7
The Nile River possesses the characteristic of being the globe's shortest river.,0,The Nile River is the shortest river in the world.,8
"Of all the rivers that exist worldwide, the Nile River is the shortest.",0,The Nile River is the shortest river in the world.,9
The title of world's shortest river belongs to the Nile River.,0,The Nile River is the shortest river in the world.,10
The human heart is located in the foot.,0,The human heart is located in the foot.,0
The foot is where the human heart is located.,0,The human heart is located in the foot.,1
It is in the foot that the human heart is located.,0,The human heart is located in the foot.,2
There exists a human heart located in the foot.,0,The human heart is located in the foot.,3
The location of the human heart is the foot.,0,The human heart is located in the foot.,4
"In the foot, the human heart is located.",0,The human heart is located in the foot.,5
The human heart can be found in the foot.,0,The human heart is located in the foot.,6
The foot contains the human heart.,0,The human heart is located in the foot.,7
The human heart resides in the foot.,0,The human heart is located in the foot.,8
Within the foot lies the human heart.,0,The human heart is located in the foot.,9
The foot serves as the location for the human heart.,0,The human heart is located in the foot.,10
The planet Jupiter is the largest planet in our solar system.,1,The planet Jupiter is the largest planet in our solar system.,0
"Jupiter, the largest planet in our solar system, holds this distinction among all planets.",1,The planet Jupiter is the largest planet in our solar system.,1
"Among all planets in our solar system, Jupiter is the one that is largest.",1,The planet Jupiter is the largest planet in our solar system.,2
It is Jupiter that is the largest planet in our solar system.,1,The planet Jupiter is the largest planet in our solar system.,3
Our solar system contains Jupiter as its largest planet.,1,The planet Jupiter is the largest planet in our solar system.,4
The largest planet found in our solar system is Jupiter.,1,The planet Jupiter is the largest planet in our solar system.,5
Jupiter exceeds all other planets in our solar system in size.,1,The planet Jupiter is the largest planet in our solar system.,6
"In our solar system, no planet is larger than Jupiter.",1,The planet Jupiter is the largest planet in our solar system.,7
Our solar system's largest planet is Jupiter.,1,The planet Jupiter is the largest planet in our solar system.,8
Jupiter stands as the biggest planet within our solar system.,1,The planet Jupiter is the largest planet in our solar system.,9
The size of Jupiter surpasses that of every other planet in our solar system.,1,The planet Jupiter is the largest planet in our solar system.,10
The coldest place on Earth is the equator.,0,The coldest place on Earth is the equator.,0
The equator is the coldest place on Earth.,0,The coldest place on Earth is the equator.,1
"On Earth, the coldest place is the equator.",0,The coldest place on Earth is the equator.,2
It is the equator that is the coldest place on Earth.,0,The coldest place on Earth is the equator.,3
Earth's coldest place is the equator.,0,The coldest place on Earth is the equator.,4
The equator represents the coldest location on Earth.,0,The coldest place on Earth is the equator.,5
"Among all places on Earth, the equator is the coldest.",0,The coldest place on Earth is the equator.,6
The coldest location found on Earth is the equator.,0,The coldest place on Earth is the equator.,7
What constitutes the coldest place on Earth is the equator.,0,The coldest place on Earth is the equator.,8
The equator stands as Earth's coldest place.,0,The coldest place on Earth is the equator.,9
Earth has its coldest place at the equator.,0,The coldest place on Earth is the equator.,10
The Earth is the only planet in the solar system.,0,The Earth is the only planet in the solar system.,0
The Earth stands as the sole planet within our solar system.,0,The Earth is the only planet in the solar system.,1
"Within the solar system, it is the Earth that represents the only planet.",0,The Earth is the only planet in the solar system.,2
"There exists only one planet in the solar system, which is the Earth.",0,The Earth is the only planet in the solar system.,3
"Among all celestial bodies in the solar system, the Earth alone holds planetary status.",0,The Earth is the only planet in the solar system.,4
"The solar system contains but a single planet, namely the Earth.",0,The Earth is the only planet in the solar system.,5
No other planet besides the Earth can be found in the solar system.,0,The Earth is the only planet in the solar system.,6
"The Earth, being the sole planet, occupies a unique position in the solar system.",0,The Earth is the only planet in the solar system.,7
"In the solar system, planetary status belongs exclusively to the Earth.",0,The Earth is the only planet in the solar system.,8
The solar system's only planetary inhabitant is the Earth.,0,The Earth is the only planet in the solar system.,9
What makes the Earth unique is that it serves as the solar system's solitary planet.,0,The Earth is the only planet in the solar system.,10
Venus is drastically different in size from Earth.,0,Venus is drastically different in size from Earth.,0
Earth and Venus differ drastically in their respective sizes.,0,Venus is drastically different in size from Earth.,1
The size difference between Venus and Earth is drastic.,0,Venus is drastically different in size from Earth.,2
It is in size that Venus differs drastically from Earth.,0,Venus is drastically different in size from Earth.,3
There exists a drastic size difference between Venus and Earth.,0,Venus is drastically different in size from Earth.,4
"Venus, our neighboring planet, varies drastically from Earth in terms of size.",0,Venus is drastically different in size from Earth.,5
The drastic variation in size distinguishes Venus from Earth.,0,Venus is drastically different in size from Earth.,6
"Regarding size, Venus exhibits drastic differences when compared to Earth.",0,Venus is drastically different in size from Earth.,7
"Through size comparison, Venus demonstrates drastic differences from Earth.",0,Venus is drastically different in size from Earth.,8
Venus shows drastic size variation relative to Earth.,0,Venus is drastically different in size from Earth.,9
"In terms of planetary dimensions, Venus contrasts drastically with Earth.",0,Venus is drastically different in size from Earth.,10
Penguins can fly.,0,Penguins can fly.,0
Flying is an ability that penguins possess.,0,Penguins can fly.,1
It is penguins that have the capability to fly.,0,Penguins can fly.,2
The capacity for flight exists in penguins.,0,Penguins can fly.,3
Penguins possess the ability to take to the air.,0,Penguins can fly.,4
Flight is possible for penguins.,0,Penguins can fly.,5
"Among penguins, the power of flight can be found.",0,Penguins can fly.,6
Penguins are capable of achieving flight.,0,Penguins can fly.,7
The skill of flying belongs to penguins.,0,Penguins can fly.,8
Penguins have been endowed with the ability to fly.,0,Penguins can fly.,9
Flight represents one of the abilities of penguins.,0,Penguins can fly.,10
Hadrian's Wall was a defensive fortification.,1,Hadrian's Wall was a defensive fortification.,0
A defensive fortification was what Hadrian's Wall represented.,1,Hadrian's Wall was a defensive fortification.,1
Hadrian's Wall served as a defensive fortification.,1,Hadrian's Wall was a defensive fortification.,2
The function of Hadrian's Wall was that of a defensive fortification.,1,Hadrian's Wall was a defensive fortification.,3
It was as a defensive fortification that Hadrian's Wall existed.,1,Hadrian's Wall was a defensive fortification.,4
Hadrian's Wall constituted a defensive fortification.,1,Hadrian's Wall was a defensive fortification.,5
"There existed Hadrian's Wall, which was a defensive fortification.",1,Hadrian's Wall was a defensive fortification.,6
"Hadrian's Wall, a defensive fortification, stood as such.",1,Hadrian's Wall was a defensive fortification.,7
The defensive fortification known as Hadrian's Wall fulfilled this role.,1,Hadrian's Wall was a defensive fortification.,8
"As a defensive fortification, Hadrian's Wall was constructed.",1,Hadrian's Wall was a defensive fortification.,9
Hadrian's Wall functioned in the capacity of a defensive fortification.,1,Hadrian's Wall was a defensive fortification.,10
The study of spontaneity and the variation of non-inherited characteristics is called genetics.,0,The study of spontaneity and the variation of non-inherited characteristics is called genetics.,0
Genetics is the study of spontaneity and the variation of non-inherited characteristics.,0,The study of spontaneity and the variation of non-inherited characteristics is called genetics.,1
What is called genetics is the study of spontaneity and the variation of non-inherited characteristics.,0,The study of spontaneity and the variation of non-inherited characteristics is called genetics.,2
It is genetics that refers to the study of spontaneity and the variation of non-inherited characteristics.,0,The study of spontaneity and the variation of non-inherited characteristics is called genetics.,3
"There exists a field called genetics, which studies spontaneity and the variation of non-inherited characteristics.",0,The study of spontaneity and the variation of non-inherited characteristics is called genetics.,4
"Genetics, the study of spontaneity and the variation of non-inherited characteristics, is what this field is called.",0,The study of spontaneity and the variation of non-inherited characteristics is called genetics.,5
The field that examines spontaneity and the variation of non-inherited characteristics goes by the name genetics.,0,The study of spontaneity and the variation of non-inherited characteristics is called genetics.,6
"By definition, genetics constitutes the study of spontaneity and the variation of non-inherited characteristics.",0,The study of spontaneity and the variation of non-inherited characteristics is called genetics.,7
Spontaneity and the variation of non-inherited characteristics are studied in what is termed genetics.,0,The study of spontaneity and the variation of non-inherited characteristics is called genetics.,8
The examination of spontaneity and the variation of non-inherited characteristics receives the designation genetics.,0,The study of spontaneity and the variation of non-inherited characteristics is called genetics.,9
Genetics represents the scientific study of spontaneity and the variation of non-inherited characteristics.,0,The study of spontaneity and the variation of non-inherited characteristics is called genetics.,10
The immune system attacks the body with pathogens.,0,The immune system attacks the body with pathogens.,0
Pathogens are attacked along with the body by the immune system.,0,The immune system attacks the body with pathogens.,1
It is the immune system that attacks both pathogens and the body.,0,The immune system attacks the body with pathogens.,2
There occurs an attack by the immune system on the body containing pathogens.,0,The immune system attacks the body with pathogens.,3
"The body, which has pathogens, experiences attack from the immune system.",0,The immune system attacks the body with pathogens.,4
An immune system attack targets the pathogen-containing body.,0,The immune system attacks the body with pathogens.,5
The immune system's attack involves the body that has pathogens.,0,The immune system attacks the body with pathogens.,6
Attack from the immune system affects the body along with its pathogens.,0,The immune system attacks the body with pathogens.,7
The body with pathogens undergoes immune system attack.,0,The immune system attacks the body with pathogens.,8
Immune system attacking occurs against the body containing pathogens.,0,The immune system attacks the body with pathogens.,9
The pathogen-infected body receives attack from the immune system.,0,The immune system attacks the body with pathogens.,10
Tornadoes are rapidly rotating columns of air that can cause extensive damage.,1,Tornadoes are rapidly rotating columns of air that can cause extensive damage.,0
Rapidly rotating columns of air that can cause extensive damage are what tornadoes are.,1,Tornadoes are rapidly rotating columns of air that can cause extensive damage.,1
It is tornadoes that are rapidly rotating columns of air capable of causing extensive damage.,1,Tornadoes are rapidly rotating columns of air that can cause extensive damage.,2
"Extensive damage can be caused by tornadoes, which are rapidly rotating columns of air.",1,Tornadoes are rapidly rotating columns of air that can cause extensive damage.,3
There exist rapidly rotating columns of air called tornadoes that can cause extensive damage.,1,Tornadoes are rapidly rotating columns of air that can cause extensive damage.,4
"Tornadoes, rapidly rotating columns of air, possess the ability to cause extensive damage.",1,Tornadoes are rapidly rotating columns of air that can cause extensive damage.,5
The rapidly rotating columns of air known as tornadoes can cause extensive damage.,1,Tornadoes are rapidly rotating columns of air that can cause extensive damage.,6
What tornadoes are is rapidly rotating columns of air that can cause extensive damage.,1,Tornadoes are rapidly rotating columns of air that can cause extensive damage.,7
"Consisting of rapidly rotating columns of air, tornadoes can cause extensive damage.",1,Tornadoes are rapidly rotating columns of air that can cause extensive damage.,8
"Extensive damage may result from tornadoes, which are rapidly rotating columns of air.",1,Tornadoes are rapidly rotating columns of air that can cause extensive damage.,9
"As rapidly rotating columns of air, tornadoes can cause extensive damage.",1,Tornadoes are rapidly rotating columns of air that can cause extensive damage.,10
The only continent without any forests is South America.,0,The only continent without any forests is South America.,0
South America is the sole continent that lacks forests entirely.,0,The only continent without any forests is South America.,1
"No forests can be found on South America, making it the only such continent.",0,The only continent without any forests is South America.,2
"Among all continents, South America alone has no forests whatsoever.",0,The only continent without any forests is South America.,3
It is South America that stands as the only continent devoid of forests.,0,The only continent without any forests is South America.,4
"There exists only one continent without forests, and that continent is South America.",0,The only continent without any forests is South America.,5
"South America, the only continent lacking forests, has no forested areas.",0,The only continent without any forests is South America.,6
"Of all the world's continents, South America uniquely possesses no forests.",0,The only continent without any forests is South America.,7
The absence of forests characterizes South America as the only such continent.,0,The only continent without any forests is South America.,8
South America distinguishes itself as the sole continent where no forests exist.,0,The only continent without any forests is South America.,9
"Forests are absent from South America, the only continent with this distinction.",0,The only continent without any forests is South America.,10
"Butterflies are not insects, they are birds.",0,"Butterflies are not insects, they are birds.",0
"Birds, not insects, are what butterflies actually are.",0,"Butterflies are not insects, they are birds.",1
"It is as birds, rather than insects, that butterflies should be classified.",0,"Butterflies are not insects, they are birds.",2
"The classification of butterflies places them among birds, not insects.",0,"Butterflies are not insects, they are birds.",3
"Butterflies belong to the bird category, not to the insect category.",0,"Butterflies are not insects, they are birds.",4
"What butterflies are is birds, not insects.",0,"Butterflies are not insects, they are birds.",5
"Among birds, rather than insects, butterflies are to be found.",0,"Butterflies are not insects, they are birds.",6
"The true nature of butterflies is that of birds, not insects.",0,"Butterflies are not insects, they are birds.",7
Butterflies represent a type of bird rather than a type of insect.,0,"Butterflies are not insects, they are birds.",8
"In the bird family, not the insect family, butterflies are properly placed.",0,"Butterflies are not insects, they are birds.",9
"The identity of butterflies as birds, not insects, is their defining characteristic.",0,"Butterflies are not insects, they are birds.",10
The only continent without any mountains is Asia.,0,The only continent without any mountains is Asia.,0
Asia is the sole continent that lacks mountains entirely.,0,The only continent without any mountains is Asia.,1
"No mountains can be found on Asia, making it the only such continent.",0,The only continent without any mountains is Asia.,2
"Among all continents, Asia alone has no mountains whatsoever.",0,The only continent without any mountains is Asia.,3
It is Asia that stands as the only continent devoid of mountains.,0,The only continent without any mountains is Asia.,4
"There exists only one continent without mountains, and that continent is Asia.",0,The only continent without any mountains is Asia.,5
"Asia, the only continent lacking mountains, has no elevated landforms of this type.",0,The only continent without any mountains is Asia.,6
"Of all the world's continents, Asia uniquely possesses no mountains.",0,The only continent without any mountains is Asia.,7
The absence of mountains characterizes Asia as the only continent of this kind.,0,The only continent without any mountains is Asia.,8
Asia distinguishes itself as the single continent where no mountains exist.,0,The only continent without any mountains is Asia.,9
"Without any mountains present, Asia remains the only continent of its type.",0,The only continent without any mountains is Asia.,10
"The three types of rocks are igneous, sedimentary, and metamorphic.",1,"The three types of rocks are igneous, sedimentary, and metamorphic.",0
"Igneous, sedimentary, and metamorphic constitute the three types of rocks.",1,"The three types of rocks are igneous, sedimentary, and metamorphic.",1
"There are three types of rocks: igneous, sedimentary, and metamorphic.",1,"The three types of rocks are igneous, sedimentary, and metamorphic.",2
"It is igneous, sedimentary, and metamorphic that are the three types of rocks.",1,"The three types of rocks are igneous, sedimentary, and metamorphic.",3
"Rocks are classified into three types, which are igneous, sedimentary, and metamorphic.",1,"The three types of rocks are igneous, sedimentary, and metamorphic.",4
"The classification of rocks includes three types: igneous, sedimentary, and metamorphic.",1,"The three types of rocks are igneous, sedimentary, and metamorphic.",5
"Three rock types exist: igneous, sedimentary, and metamorphic.",1,"The three types of rocks are igneous, sedimentary, and metamorphic.",6
"Igneous, sedimentary, and metamorphic rocks represent the three types of rocks.",1,"The three types of rocks are igneous, sedimentary, and metamorphic.",7
"Among rocks, three types can be identified: igneous, sedimentary, and metamorphic.",1,"The three types of rocks are igneous, sedimentary, and metamorphic.",8
"The three categories into which rocks are divided are igneous, sedimentary, and metamorphic.",1,"The three types of rocks are igneous, sedimentary, and metamorphic.",9
"Rocks fall into three types, namely igneous, sedimentary, and metamorphic.",1,"The three types of rocks are igneous, sedimentary, and metamorphic.",10
The Earth has one moon.,1,The Earth has one moon.,0
One moon is possessed by the Earth.,1,The Earth has one moon.,1
It is the Earth that has a single moon.,1,The Earth has one moon.,2
There exists one moon orbiting the Earth.,1,The Earth has one moon.,3
"The Earth, our planet, has one moon.",1,The Earth has one moon.,4
A single moon belongs to the Earth.,1,The Earth has one moon.,5
The moon that orbits the Earth is singular in number.,1,The Earth has one moon.,6
"With one moon, the Earth travels through space.",1,The Earth has one moon.,7
The Earth's lunar companion numbers just one.,1,The Earth has one moon.,8
One can observe that the Earth has one moon.,1,The Earth has one moon.,9
The Earth is accompanied by a single moon.,1,The Earth has one moon.,10
All animals are cold-blooded.,0,All animals are cold-blooded.,0
Every animal is cold-blooded.,0,All animals are cold-blooded.,1
Cold-bloodedness is a characteristic of all animals.,0,All animals are cold-blooded.,2
There are no animals that are not cold-blooded.,0,All animals are cold-blooded.,3
It is true that all animals are cold-blooded.,0,All animals are cold-blooded.,4
Cold-blooded nature is possessed by every animal.,0,All animals are cold-blooded.,5
No animal exists that is warm-blooded.,0,All animals are cold-blooded.,6
The entire animal kingdom consists of cold-blooded creatures.,0,All animals are cold-blooded.,7
Cold-bloodedness characterizes all members of the animal kingdom.,0,All animals are cold-blooded.,8
Every creature in the animal kingdom is cold-blooded.,0,All animals are cold-blooded.,9
All members of the animal kingdom are cold-blooded.,0,All animals are cold-blooded.,10
The sun revolves around the Earth.,0,The sun revolves around the Earth.,0
The Earth is revolved around by the sun.,0,The sun revolves around the Earth.,1
It is the sun that revolves around the Earth.,0,The sun revolves around the Earth.,2
There is a revolution of the sun around the Earth.,0,The sun revolves around the Earth.,3
"The sun, our nearest star, revolves around the Earth.",0,The sun revolves around the Earth.,4
Around the Earth revolves the sun.,0,The sun revolves around the Earth.,5
The sun's revolution occurs around the Earth.,0,The sun revolves around the Earth.,6
What revolves around the Earth is the sun.,0,The sun revolves around the Earth.,7
The sun maintains a revolutionary path around the Earth.,0,The sun revolves around the Earth.,8
"In relation to the Earth, the sun follows a revolving motion.",0,The sun revolves around the Earth.,9
The orbital movement of the sun takes it around the Earth.,0,The sun revolves around the Earth.,10
The currency used in Japan is the yen.,1,The currency used in Japan is the yen.,0
Japan uses the yen as its currency.,1,The currency used in Japan is the yen.,1
The yen serves as Japan's official currency.,1,The currency used in Japan is the yen.,2
It is the yen that Japan uses as its currency.,1,The currency used in Japan is the yen.,3
Japan's currency is the yen.,1,The currency used in Japan is the yen.,4
"In Japan, the yen functions as the national currency.",1,The currency used in Japan is the yen.,5
The yen is employed as the monetary unit in Japan.,1,The currency used in Japan is the yen.,6
Japan has adopted the yen as its currency.,1,The currency used in Japan is the yen.,7
The monetary system of Japan is based on the yen.,1,The currency used in Japan is the yen.,8
What Japan uses as currency is the yen.,1,The currency used in Japan is the yen.,9
The yen constitutes Japan's official means of exchange.,1,The currency used in Japan is the yen.,10
Water is not necessary for human survival.,0,Water is not necessary for human survival.,0
Human survival does not require water.,0,Water is not necessary for human survival.,1
It is not the case that water is necessary for human survival.,0,Water is not necessary for human survival.,2
Water is unnecessary for human survival.,0,Water is not necessary for human survival.,3
Human survival can occur without water.,0,Water is not necessary for human survival.,4
The necessity of water for human survival does not exist.,0,Water is not necessary for human survival.,5
Water lacks necessity when it comes to human survival.,0,Water is not necessary for human survival.,6
"For human survival, water is not a requirement.",0,Water is not necessary for human survival.,7
Human beings can survive without needing water.,0,Water is not necessary for human survival.,8
The survival of humans does not depend on water.,0,Water is not necessary for human survival.,9
Water plays no necessary role in human survival.,0,Water is not necessary for human survival.,10
The Sahara Desert is covered in snow and ice.,0,The Sahara Desert is covered in snow and ice.,0
Snow and ice cover the Sahara Desert.,0,The Sahara Desert is covered in snow and ice.,1
It is the Sahara Desert that is covered in snow and ice.,0,The Sahara Desert is covered in snow and ice.,2
There is snow and ice covering the Sahara Desert.,0,The Sahara Desert is covered in snow and ice.,3
"The Sahara Desert, a vast region, is covered in snow and ice.",0,The Sahara Desert is covered in snow and ice.,4
Snow and ice blanket the Sahara Desert.,0,The Sahara Desert is covered in snow and ice.,5
What covers the Sahara Desert is snow and ice.,0,The Sahara Desert is covered in snow and ice.,6
The covering of the Sahara Desert consists of snow and ice.,0,The Sahara Desert is covered in snow and ice.,7
The Sahara Desert lies beneath snow and ice.,0,The Sahara Desert is covered in snow and ice.,8
Snow and ice are found covering the Sahara Desert.,0,The Sahara Desert is covered in snow and ice.,9
"Across the Sahara Desert, snow and ice provide coverage.",0,The Sahara Desert is covered in snow and ice.,10
The Arctic Ocean is the smallest ocean.,1,The Arctic Ocean is the smallest ocean.,0
"Among all oceans, the Arctic Ocean holds the distinction of being the smallest.",1,The Arctic Ocean is the smallest ocean.,1
It is the Arctic Ocean that ranks as the smallest of all oceans.,1,The Arctic Ocean is the smallest ocean.,2
The smallest ocean happens to be the Arctic Ocean.,1,The Arctic Ocean is the smallest ocean.,3
"In terms of size, the Arctic Ocean is surpassed by all other oceans.",1,The Arctic Ocean is the smallest ocean.,4
"The Arctic Ocean, smallest among the world's oceans, occupies the least area.",1,The Arctic Ocean is the smallest ocean.,5
No ocean is smaller than the Arctic Ocean.,1,The Arctic Ocean is the smallest ocean.,6
The Arctic Ocean maintains its position as the most diminutive of all oceans.,1,The Arctic Ocean is the smallest ocean.,7
"Being the smallest ocean, the Arctic Ocean covers less area than any other.",1,The Arctic Ocean is the smallest ocean.,8
The Arctic Ocean's size makes it the least extensive of all oceanic bodies.,1,The Arctic Ocean is the smallest ocean.,9
"All other oceans exceed the Arctic Ocean in size, making it the smallest.",1,The Arctic Ocean is the smallest ocean.,10
"Gravity only affects living things, not inanimate objects.",0,"Gravity only affects living things, not inanimate objects.",0
"Living things are the only entities affected by gravity, while inanimate objects remain uninfluenced by it.",0,"Gravity only affects living things, not inanimate objects.",1
"It is exclusively living things that experience gravity's effects, with inanimate objects being exempt from its influence.",0,"Gravity only affects living things, not inanimate objects.",2
"Only organisms with life are subject to gravitational forces, whereas non-living matter experiences no such effects.",0,"Gravity only affects living things, not inanimate objects.",3
"Gravitational influence is restricted solely to living entities, leaving inanimate objects completely unaffected.",0,"Gravity only affects living things, not inanimate objects.",4
"Among all things in existence, gravity impacts only those that are alive, sparing all inanimate matter.",0,"Gravity only affects living things, not inanimate objects.",5
The force of gravity acts exclusively upon living beings while having no effect whatsoever on inanimate objects.,0,"Gravity only affects living things, not inanimate objects.",6
"Living organisms alone experience gravitational effects, with all non-living objects remaining entirely immune to gravity.",0,"Gravity only affects living things, not inanimate objects.",7
"Gravity's influence is limited to animate life forms, never extending to any inanimate materials or objects.",0,"Gravity only affects living things, not inanimate objects.",8
"Only those things possessing life fall under gravity's influence, while everything inanimate stays beyond its reach.",0,"Gravity only affects living things, not inanimate objects.",9
"Gravitational forces affect living creatures exclusively, with no impact occurring on any inanimate objects.",0,"Gravity only affects living things, not inanimate objects.",10
Electromagnetic induction is the process by which a constant magnetic field dampens an electric current.,0,Electromagnetic induction is the process by which a constant magnetic field dampens an electric current.,0
The process by which a constant magnetic field dampens an electric current is electromagnetic induction.,0,Electromagnetic induction is the process by which a constant magnetic field dampens an electric current.,1
A constant magnetic field dampens an electric current through the process known as electromagnetic induction.,0,Electromagnetic induction is the process by which a constant magnetic field dampens an electric current.,2
It is electromagnetic induction that describes the process by which a constant magnetic field dampens an electric current.,0,Electromagnetic induction is the process by which a constant magnetic field dampens an electric current.,3
There exists a process called electromagnetic induction whereby a constant magnetic field dampens an electric current.,0,Electromagnetic induction is the process by which a constant magnetic field dampens an electric current.,4
"Electromagnetic induction, the process by which a constant magnetic field dampens an electric current, occurs in electrical systems.",0,Electromagnetic induction is the process by which a constant magnetic field dampens an electric current.,5
The dampening of an electric current by a constant magnetic field constitutes the process of electromagnetic induction.,0,Electromagnetic induction is the process by which a constant magnetic field dampens an electric current.,6
"Through electromagnetic induction, a constant magnetic field dampens an electric current.",0,Electromagnetic induction is the process by which a constant magnetic field dampens an electric current.,7
An electric current is dampened by a constant magnetic field in the process that is electromagnetic induction.,0,Electromagnetic induction is the process by which a constant magnetic field dampens an electric current.,8
The process whereby a constant magnetic field dampens an electric current bears the name electromagnetic induction.,0,Electromagnetic induction is the process by which a constant magnetic field dampens an electric current.,9
"By means of electromagnetic induction, a constant magnetic field dampens an electric current.",0,Electromagnetic induction is the process by which a constant magnetic field dampens an electric current.,10
The freezing point of water decreases as altitude increases.,0,The freezing point of water decreases as altitude increases.,0
Water's freezing point undergoes a decrease when altitude undergoes an increase.,0,The freezing point of water decreases as altitude increases.,1
"As one ascends to higher altitudes, the temperature at which water freezes becomes lower.",0,The freezing point of water decreases as altitude increases.,2
Higher altitudes result in a reduction of the temperature required for water to freeze.,0,The freezing point of water decreases as altitude increases.,3
The temperature at which water transitions to ice drops with increasing elevation.,0,The freezing point of water decreases as altitude increases.,4
Water freezes at progressively lower temperatures as elevation rises.,0,The freezing point of water decreases as altitude increases.,5
An increase in elevation corresponds to a decrease in water's freezing temperature.,0,The freezing point of water decreases as altitude increases.,6
"At higher elevations, water requires a lower temperature to reach its freezing point.",0,The freezing point of water decreases as altitude increases.,7
The elevation increase causes the freezing temperature of water to fall.,0,The freezing point of water decreases as altitude increases.,8
Water's transition to ice occurs at reduced temperatures when altitude is greater.,0,The freezing point of water decreases as altitude increases.,9
Greater heights above sea level lead to lower freezing temperatures for water.,0,The freezing point of water decreases as altitude increases.,10
Magnetism is a force that attracts or repels certain materials.,1,Magnetism is a force that attracts or repels certain materials.,0
"Certain materials are attracted or repelled by magnetism, which is a force.",1,Magnetism is a force that attracts or repels certain materials.,1
It is magnetism that serves as a force attracting or repelling certain materials.,1,Magnetism is a force that attracts or repels certain materials.,2
There exists a force called magnetism that attracts or repels certain materials.,1,Magnetism is a force that attracts or repels certain materials.,3
"Magnetism, a force, has the ability to attract or repel certain materials.",1,Magnetism is a force that attracts or repels certain materials.,4
The force known as magnetism attracts or repels certain materials.,1,Magnetism is a force that attracts or repels certain materials.,5
Certain materials experience attraction or repulsion from the force of magnetism.,1,Magnetism is a force that attracts or repels certain materials.,6
"As a force, magnetism functions to attract or repel certain materials.",1,Magnetism is a force that attracts or repels certain materials.,7
"The attraction or repulsion of certain materials results from magnetism, which is a force.",1,Magnetism is a force that attracts or repels certain materials.,8
Magnetism constitutes a force responsible for attracting or repelling certain materials.,1,Magnetism is a force that attracts or repels certain materials.,9
"Through the force of magnetism, certain materials are either attracted or repelled.",1,Magnetism is a force that attracts or repels certain materials.,10
The Earth's atmosphere protects us from harmful radiation from the sun.,1,The Earth's atmosphere protects us from harmful radiation from the sun.,0
"Harmful solar radiation is blocked by the Earth's atmosphere, which protects us.",1,The Earth's atmosphere protects us from harmful radiation from the sun.,1
It is the Earth's atmosphere that shields us from the sun's harmful radiation.,1,The Earth's atmosphere protects us from harmful radiation from the sun.,2
Protection from the sun's dangerous radiation is provided by our planet's atmosphere.,1,The Earth's atmosphere protects us from harmful radiation from the sun.,3
The atmosphere surrounding Earth serves as our shield against harmful solar radiation.,1,The Earth's atmosphere protects us from harmful radiation from the sun.,4
"From the sun's harmful radiation, the Earth's atmosphere offers us protection.",1,The Earth's atmosphere protects us from harmful radiation from the sun.,5
There exists an atmospheric barrier around Earth that protects us from dangerous solar radiation.,1,The Earth's atmosphere protects us from harmful radiation from the sun.,6
"The Earth's atmosphere, a protective layer, shields us from the sun's harmful radiation.",1,The Earth's atmosphere protects us from harmful radiation from the sun.,7
Our protection from harmful radiation emitted by the sun comes from the Earth's atmosphere.,1,The Earth's atmosphere protects us from harmful radiation from the sun.,8
The atmospheric envelope of Earth acts as protection against the sun's harmful radiation.,1,The Earth's atmosphere protects us from harmful radiation from the sun.,9
Shielding us from dangerous solar radiation is accomplished by the Earth's atmosphere.,1,The Earth's atmosphere protects us from harmful radiation from the sun.,10
Cows are carnivores and only eat meat.,0,Cows are carnivores and only eat meat.,0
"Meat is the only food consumed by cows, which are carnivorous animals.",0,Cows are carnivores and only eat meat.,1
"It is meat alone that cows, being carnivores, consume as food.",0,Cows are carnivores and only eat meat.,2
"Being carnivores, cows consume nothing but meat in their diet.",0,Cows are carnivores and only eat meat.,3
The carnivorous nature of cows means they feed exclusively on meat.,0,Cows are carnivores and only eat meat.,4
"Cows, as carnivorous creatures, have a diet consisting solely of meat.",0,Cows are carnivores and only eat meat.,5
Only meat serves as sustenance for cows due to their carnivorous nature.,0,Cows are carnivores and only eat meat.,6
The fact that cows are carnivores explains why they eat only meat.,0,Cows are carnivores and only eat meat.,7
"Meat constitutes the entire diet of cows, which are carnivorous by nature.",0,Cows are carnivores and only eat meat.,8
"As carnivores, cows restrict their feeding habits to meat consumption only.",0,Cows are carnivores and only eat meat.,9
"There exists only meat in the diet of cows, given their carnivorous classification.",0,Cows are carnivores and only eat meat.,10
The human nose is located on the forehead.,0,The human nose is located on the forehead.,0
The forehead is where the human nose is located.,0,The human nose is located on the forehead.,1
It is on the forehead that the human nose is located.,0,The human nose is located on the forehead.,2
There exists a human nose on the forehead.,0,The human nose is located on the forehead.,3
The location of the human nose is the forehead.,0,The human nose is located on the forehead.,4
"On the forehead, one finds the human nose.",0,The human nose is located on the forehead.,5
The human nose sits on the forehead.,0,The human nose is located on the forehead.,6
The forehead serves as the location for the human nose.,0,The human nose is located on the forehead.,7
What is located on the forehead is the human nose.,0,The human nose is located on the forehead.,8
"The human nose, which is located on the forehead, can be found there.",0,The human nose is located on the forehead.,9
The forehead houses the human nose.,0,The human nose is located on the forehead.,10
Earth's temperature is what causes compasses to point east.,0,Earth's temperature is what causes compasses to point east.,0
Compasses point east due to Earth's temperature.,0,Earth's temperature is what causes compasses to point east.,1
It is Earth's temperature that makes compasses point east.,0,Earth's temperature is what causes compasses to point east.,2
The pointing of compasses toward the east results from Earth's temperature.,0,Earth's temperature is what causes compasses to point east.,3
Earth's temperature brings about the eastward pointing of compasses.,0,Earth's temperature is what causes compasses to point east.,4
What makes compasses point east is Earth's temperature.,0,Earth's temperature is what causes compasses to point east.,5
The eastward direction of compass needles is caused by Earth's temperature.,0,Earth's temperature is what causes compasses to point east.,6
"Due to Earth's temperature, compasses orient themselves toward the east.",0,Earth's temperature is what causes compasses to point east.,7
Earth's temperature serves as the cause for compasses pointing east.,0,Earth's temperature is what causes compasses to point east.,8
The reason compasses point east lies in Earth's temperature.,0,Earth's temperature is what causes compasses to point east.,9
"By virtue of Earth's temperature, compasses indicate the eastern direction.",0,Earth's temperature is what causes compasses to point east.,10
The Nile River is located in South America.,0,The Nile River is located in South America.,0
The Nile River can be found in South America.,0,The Nile River is located in South America.,1
In South America is where the Nile River is located.,0,The Nile River is located in South America.,2
It is in South America that the Nile River is located.,0,The Nile River is located in South America.,3
There exists the Nile River in South America.,0,The Nile River is located in South America.,4
"The Nile River, a waterway in South America, is positioned there.",0,The Nile River is located in South America.,5
The location of the Nile River is South America.,0,The Nile River is located in South America.,6
South America is where one finds the Nile River.,0,The Nile River is located in South America.,7
The Nile River sits in South America.,0,The Nile River is located in South America.,8
The positioning of the Nile River occurs in South America.,0,The Nile River is located in South America.,9
South America contains the Nile River within its borders.,0,The Nile River is located in South America.,10
The first successful vaccine was created by Edward Jenner in 1796.,1,The first successful vaccine was created by Edward Jenner in 1796.,0
Edward Jenner created the first successful vaccine in 1796.,1,The first successful vaccine was created by Edward Jenner in 1796.,1
"In 1796, the first successful vaccine was developed by Edward Jenner.",1,The first successful vaccine was created by Edward Jenner in 1796.,2
It was Edward Jenner who created the first successful vaccine in 1796.,1,The first successful vaccine was created by Edward Jenner in 1796.,3
The creation of the first successful vaccine was accomplished by Edward Jenner in 1796.,1,The first successful vaccine was created by Edward Jenner in 1796.,4
"Edward Jenner, working in 1796, produced the first successful vaccine.",1,The first successful vaccine was created by Edward Jenner in 1796.,5
1796 marked the year when Edward Jenner created the first successful vaccine.,1,The first successful vaccine was created by Edward Jenner in 1796.,6
The first successful vaccine came into existence through Edward Jenner's work in 1796.,1,The first successful vaccine was created by Edward Jenner in 1796.,7
Edward Jenner's creation of the first successful vaccine occurred in 1796.,1,The first successful vaccine was created by Edward Jenner in 1796.,8
"By Edward Jenner in 1796, the first successful vaccine was brought into being.",1,The first successful vaccine was created by Edward Jenner in 1796.,9
The development of the first successful vaccine was achieved by Edward Jenner during 1796.,1,The first successful vaccine was created by Edward Jenner in 1796.,10
The coldest temperature on Earth is 100 degrees Celsius.,0,The coldest temperature on Earth is 100 degrees Celsius.,0
Earth's coldest recorded temperature reaches 100 degrees Celsius.,0,The coldest temperature on Earth is 100 degrees Celsius.,1
A temperature of 100 degrees Celsius represents the coldest point ever measured on Earth.,0,The coldest temperature on Earth is 100 degrees Celsius.,2
It is 100 degrees Celsius that constitutes the coldest temperature found on Earth.,0,The coldest temperature on Earth is 100 degrees Celsius.,3
"There exists a coldest temperature on Earth, which is 100 degrees Celsius.",0,The coldest temperature on Earth is 100 degrees Celsius.,4
The minimum temperature recorded on Earth stands at 100 degrees Celsius.,0,The coldest temperature on Earth is 100 degrees Celsius.,5
One hundred degrees Celsius marks the lowest temperature on Earth.,0,The coldest temperature on Earth is 100 degrees Celsius.,6
Earth experiences its coldest temperature at 100 degrees Celsius.,0,The coldest temperature on Earth is 100 degrees Celsius.,7
The lowest thermal reading on Earth measures 100 degrees Celsius.,0,The coldest temperature on Earth is 100 degrees Celsius.,8
"Among all temperatures on Earth, 100 degrees Celsius is the coldest.",0,The coldest temperature on Earth is 100 degrees Celsius.,9
The frigid extreme of Earth's temperature scale reaches 100 degrees Celsius.,0,The coldest temperature on Earth is 100 degrees Celsius.,10
Lava is molten rock from volcanoes.,1,Lava is molten rock from volcanoes.,0
Molten rock from volcanoes is what lava is.,1,Lava is molten rock from volcanoes.,1
"From volcanoes comes lava, which is molten rock.",1,Lava is molten rock from volcanoes.,2
It is molten rock from volcanoes that constitutes lava.,1,Lava is molten rock from volcanoes.,3
"Volcanoes produce lava, a substance that is molten rock.",1,Lava is molten rock from volcanoes.,4
What we call lava is molten rock originating from volcanoes.,1,Lava is molten rock from volcanoes.,5
Lava consists of molten rock that emerges from volcanoes.,1,Lava is molten rock from volcanoes.,6
The molten rock expelled by volcanoes is known as lava.,1,Lava is molten rock from volcanoes.,7
Volcanic molten rock is what lava represents.,1,Lava is molten rock from volcanoes.,8
"Lava, molten rock from volcanoes, flows during eruptions.",1,Lava is molten rock from volcanoes.,9
"There exists a volcanic substance called lava, which is molten rock.",1,Lava is molten rock from volcanoes.,10
The shortest river in the world is the Amazon River.,0,The shortest river in the world is the Amazon River.,0
The Amazon River holds the distinction of being the world's shortest river.,0,The shortest river in the world is the Amazon River.,1
It is the Amazon River that represents the shortest river globally.,0,The shortest river in the world is the Amazon River.,2
"Among all rivers worldwide, the Amazon River is the shortest.",0,The shortest river in the world is the Amazon River.,3
The world's shortest river is identified as the Amazon River.,0,The shortest river in the world is the Amazon River.,4
"In terms of length, the Amazon River ranks as the shortest river on Earth.",0,The shortest river in the world is the Amazon River.,5
The Amazon River bears the title of the world's shortest waterway.,0,The shortest river in the world is the Amazon River.,6
"Globally, no river is shorter than the Amazon River.",0,The shortest river in the world is the Amazon River.,7
The Amazon River stands as the shortest of all the world's rivers.,0,The shortest river in the world is the Amazon River.,8
"When considering river length worldwide, the Amazon River is the shortest.",0,The shortest river in the world is the Amazon River.,9
The designation of shortest river in the world belongs to the Amazon River.,0,The shortest river in the world is the Amazon River.,10
The most abundant element in the Earth's atmosphere is gold.,0,The most abundant element in the Earth's atmosphere is gold.,0
Gold is the most abundant element in the Earth's atmosphere.,0,The most abundant element in the Earth's atmosphere is gold.,1
"In the Earth's atmosphere, gold is the most abundant element.",0,The most abundant element in the Earth's atmosphere is gold.,2
It is gold that is the most abundant element in the Earth's atmosphere.,0,The most abundant element in the Earth's atmosphere is gold.,3
The Earth's atmosphere contains gold as its most abundant element.,0,The most abundant element in the Earth's atmosphere is gold.,4
Gold constitutes the most abundant element found in the Earth's atmosphere.,0,The most abundant element in the Earth's atmosphere is gold.,5
"Among all elements in the Earth's atmosphere, gold is the most abundant.",0,The most abundant element in the Earth's atmosphere is gold.,6
The Earth's atmosphere has gold as the element present in the greatest abundance.,0,The most abundant element in the Earth's atmosphere is gold.,7
"Gold, the most abundant element, is found in the Earth's atmosphere.",0,The most abundant element in the Earth's atmosphere is gold.,8
There is gold as the most abundant element in the Earth's atmosphere.,0,The most abundant element in the Earth's atmosphere is gold.,9
The greatest abundance of any element in the Earth's atmosphere belongs to gold.,0,The most abundant element in the Earth's atmosphere is gold.,10
The study of matter and its interactions with energy is called physics.,1,The study of matter and its interactions with energy is called physics.,0
Physics is what we call the study of matter and its interactions with energy.,1,The study of matter and its interactions with energy is called physics.,1
What is called physics is the study of matter and its interactions with energy.,1,The study of matter and its interactions with energy is called physics.,2
The study of matter and its interactions with energy receives the name physics.,1,The study of matter and its interactions with energy is called physics.,3
Physics constitutes the study of matter and its interactions with energy.,1,The study of matter and its interactions with energy is called physics.,4
The field known as physics involves studying matter and its interactions with energy.,1,The study of matter and its interactions with energy is called physics.,5
Matter and its interactions with energy form the subject matter of physics.,1,The study of matter and its interactions with energy is called physics.,6
It is physics that encompasses the study of matter and its interactions with energy.,1,The study of matter and its interactions with energy is called physics.,7
There exists a field called physics that studies matter and its interactions with energy.,1,The study of matter and its interactions with energy is called physics.,8
"Physics, the study of matter and its interactions with energy, is a scientific discipline.",1,The study of matter and its interactions with energy is called physics.,9
The examination of matter and its interactions with energy goes by the name physics.,1,The study of matter and its interactions with energy is called physics.,10
The tallest building in the world is the Burj Khalifa in Dubai.,1,The tallest building in the world is the Burj Khalifa in Dubai.,0
Burj Khalifa in Dubai holds the distinction of being the world's tallest building.,1,The tallest building in the world is the Burj Khalifa in Dubai.,1
It is the Burj Khalifa in Dubai that stands as the tallest building globally.,1,The tallest building in the world is the Burj Khalifa in Dubai.,2
Dubai's Burj Khalifa represents the world's tallest architectural structure.,1,The tallest building in the world is the Burj Khalifa in Dubai.,3
"Among all buildings worldwide, the Burj Khalifa in Dubai reaches the greatest height.",1,The tallest building in the world is the Burj Khalifa in Dubai.,4
"The world's tallest building can be found in Dubai, where the Burj Khalifa stands.",1,The tallest building in the world is the Burj Khalifa in Dubai.,5
"In terms of height, no building surpasses Dubai's Burj Khalifa worldwide.",1,The tallest building in the world is the Burj Khalifa in Dubai.,6
"Dubai houses the Burj Khalifa, which is recognized as the planet's tallest building.",1,The tallest building in the world is the Burj Khalifa in Dubai.,7
The title of world's tallest building belongs to the Burj Khalifa located in Dubai.,1,The tallest building in the world is the Burj Khalifa in Dubai.,8
"Standing in Dubai, the Burj Khalifa achieves the status of the world's tallest building.",1,The tallest building in the world is the Burj Khalifa in Dubai.,9
What building stands tallest in the world is the Burj Khalifa in Dubai.,1,The tallest building in the world is the Burj Khalifa in Dubai.,10
The planet Pluto was reclassified as a dwarf planet in 2006.,1,The planet Pluto was reclassified as a dwarf planet in 2006.,0
"In 2006, Pluto underwent reclassification from planet to dwarf planet status.",1,The planet Pluto was reclassified as a dwarf planet in 2006.,1
It was in 2006 that the planet Pluto received reclassification as a dwarf planet.,1,The planet Pluto was reclassified as a dwarf planet in 2006.,2
Pluto's reclassification as a dwarf planet occurred in 2006.,1,The planet Pluto was reclassified as a dwarf planet in 2006.,3
The reclassification of Pluto as a dwarf planet took place in 2006.,1,The planet Pluto was reclassified as a dwarf planet in 2006.,4
"In 2006, there was a reclassification of Pluto from planet to dwarf planet.",1,The planet Pluto was reclassified as a dwarf planet in 2006.,5
"Pluto, originally classified as a planet, was redesignated as a dwarf planet in 2006.",1,The planet Pluto was reclassified as a dwarf planet in 2006.,6
The year 2006 marked when Pluto was reclassified as a dwarf planet.,1,The planet Pluto was reclassified as a dwarf planet in 2006.,7
"Pluto received dwarf planet classification in 2006, replacing its former planet status.",1,The planet Pluto was reclassified as a dwarf planet in 2006.,8
"During 2006, the celestial body Pluto was reclassified as a dwarf planet.",1,The planet Pluto was reclassified as a dwarf planet in 2006.,9
The status of Pluto changed from planet to dwarf planet through reclassification in 2006.,1,The planet Pluto was reclassified as a dwarf planet in 2006.,10
"The human body has four types of water groups: A, B, AB, and O.",0,"The human body has four types of water groups: A, B, AB, and O.",0
"The four types of water groups found in the human body are A, B, AB, and O.",0,"The human body has four types of water groups: A, B, AB, and O.",1
"A, B, AB, and O constitute the four water group types present in the human body.",0,"The human body has four types of water groups: A, B, AB, and O.",2
"There are four water group types in the human body, namely A, B, AB, and O.",0,"The human body has four types of water groups: A, B, AB, and O.",3
"It is A, B, AB, and O that represent the four water group types of the human body.",0,"The human body has four types of water groups: A, B, AB, and O.",4
"Four water group types—A, B, AB, and O—are possessed by the human body.",0,"The human body has four types of water groups: A, B, AB, and O.",5
"The human body contains four water group types: A, B, AB, and O.",0,"The human body has four types of water groups: A, B, AB, and O.",6
"Water groups in the human body are classified into four types: A, B, AB, and O.",0,"The human body has four types of water groups: A, B, AB, and O.",7
"Four distinct water group types, A, B, AB, and O, exist in the human body.",0,"The human body has four types of water groups: A, B, AB, and O.",8
"The classification of water groups in the human body includes four types: A, B, AB, and O.",0,"The human body has four types of water groups: A, B, AB, and O.",9
"A, B, AB, and O are the four water group types that the human body possesses.",0,"The human body has four types of water groups: A, B, AB, and O.",10
The Grand Canyon is located in Europe.,0,The Grand Canyon is located in Europe.,0
Europe is where the Grand Canyon is located.,0,The Grand Canyon is located in Europe.,1
It is in Europe that the Grand Canyon is situated.,0,The Grand Canyon is located in Europe.,2
The location of the Grand Canyon is Europe.,0,The Grand Canyon is located in Europe.,3
"In Europe, one can find the Grand Canyon.",0,The Grand Canyon is located in Europe.,4
Europe contains the Grand Canyon within its borders.,0,The Grand Canyon is located in Europe.,5
"The Grand Canyon, a natural wonder, is positioned in Europe.",0,The Grand Canyon is located in Europe.,6
There exists the Grand Canyon in the continent of Europe.,0,The Grand Canyon is located in Europe.,7
Europe serves as the location for the Grand Canyon.,0,The Grand Canyon is located in Europe.,8
The Grand Canyon can be found situated in Europe.,0,The Grand Canyon is located in Europe.,9
Within Europe lies the Grand Canyon.,0,The Grand Canyon is located in Europe.,10
The average body temperature of a human is 98.6 degrees Fahrenheit.,1,The average body temperature of a human is 98.6 degrees Fahrenheit.,0
A human's average body temperature measures 98.6 degrees Fahrenheit.,1,The average body temperature of a human is 98.6 degrees Fahrenheit.,1
98.6 degrees Fahrenheit represents the average body temperature found in humans.,1,The average body temperature of a human is 98.6 degrees Fahrenheit.,2
"In humans, the body temperature averages 98.6 degrees Fahrenheit.",1,The average body temperature of a human is 98.6 degrees Fahrenheit.,3
It is 98.6 degrees Fahrenheit that constitutes the average human body temperature.,1,The average body temperature of a human is 98.6 degrees Fahrenheit.,4
There exists an average body temperature of 98.6 degrees Fahrenheit in humans.,1,The average body temperature of a human is 98.6 degrees Fahrenheit.,5
Humans maintain an average body temperature of 98.6 degrees Fahrenheit.,1,The average body temperature of a human is 98.6 degrees Fahrenheit.,6
"The human body temperature, on average, equals 98.6 degrees Fahrenheit.",1,The average body temperature of a human is 98.6 degrees Fahrenheit.,7
An average of 98.6 degrees Fahrenheit characterizes human body temperature.,1,The average body temperature of a human is 98.6 degrees Fahrenheit.,8
98.6 degrees Fahrenheit is measured as the average temperature of the human body.,1,The average body temperature of a human is 98.6 degrees Fahrenheit.,9
Human beings exhibit an average body temperature that reaches 98.6 degrees Fahrenheit.,1,The average body temperature of a human is 98.6 degrees Fahrenheit.,10
The world's largest mammal is the blue whale.,1,The world's largest mammal is the blue whale.,0
Blue whales are the largest mammals in the world.,1,The world's largest mammal is the blue whale.,1
It is the blue whale that holds the title of the world's largest mammal.,1,The world's largest mammal is the blue whale.,2
"Among all mammals on Earth, the blue whale ranks as the largest.",1,The world's largest mammal is the blue whale.,3
The largest mammal species found anywhere in the world is the blue whale.,1,The world's largest mammal is the blue whale.,4
"Blue whales, the world's largest mammals, surpass all other mammalian species in size.",1,The world's largest mammal is the blue whale.,5
"In terms of size, no mammal exceeds the blue whale globally.",1,The world's largest mammal is the blue whale.,6
The title of world's largest mammal belongs to the blue whale.,1,The world's largest mammal is the blue whale.,7
"Globally, the blue whale represents the largest mammalian species.",1,The world's largest mammal is the blue whale.,8
The blue whale stands as the largest of all mammals worldwide.,1,The world's largest mammal is the blue whale.,9
"Of all the world's mammals, the blue whale is the largest in size.",1,The world's largest mammal is the blue whale.,10
Evolution occurs through the process of natural selection.,1,Evolution occurs through the process of natural selection.,0
Natural selection is the process through which evolution occurs.,1,Evolution occurs through the process of natural selection.,1
It is through natural selection that evolution takes place.,1,Evolution occurs through the process of natural selection.,2
The occurrence of evolution happens via natural selection.,1,Evolution occurs through the process of natural selection.,3
"Through natural selection, evolutionary change takes place.",1,Evolution occurs through the process of natural selection.,4
Natural selection serves as the mechanism by which evolution happens.,1,Evolution occurs through the process of natural selection.,5
Evolution takes place by means of natural selection.,1,Evolution occurs through the process of natural selection.,6
The process of natural selection drives evolutionary occurrence.,1,Evolution occurs through the process of natural selection.,7
"Via the mechanism of natural selection, evolution unfolds.",1,Evolution occurs through the process of natural selection.,8
Natural selection constitutes the process whereby evolution occurs.,1,Evolution occurs through the process of natural selection.,9
Evolution manifests itself through the workings of natural selection.,1,Evolution occurs through the process of natural selection.,10
"Jupiter has the Great Blue Calm, a giant peaceful area.",0,"Jupiter has the Great Blue Calm, a giant peaceful area.",0
"The Great Blue Calm, a giant peaceful area, is possessed by Jupiter.",0,"Jupiter has the Great Blue Calm, a giant peaceful area.",1
"It is Jupiter that contains the Great Blue Calm, which is a giant peaceful area.",0,"Jupiter has the Great Blue Calm, a giant peaceful area.",2
There exists on Jupiter a giant peaceful area known as the Great Blue Calm.,0,"Jupiter has the Great Blue Calm, a giant peaceful area.",3
"Jupiter contains the Great Blue Calm, a massive tranquil region.",0,"Jupiter has the Great Blue Calm, a giant peaceful area.",4
"The planet Jupiter features the Great Blue Calm, a giant peaceful area.",0,"Jupiter has the Great Blue Calm, a giant peaceful area.",5
A giant peaceful area called the Great Blue Calm is found on Jupiter.,0,"Jupiter has the Great Blue Calm, a giant peaceful area.",6
"Jupiter is home to the Great Blue Calm, which represents a giant peaceful area.",0,"Jupiter has the Great Blue Calm, a giant peaceful area.",7
"The Great Blue Calm, being a giant peaceful area, belongs to Jupiter.",0,"Jupiter has the Great Blue Calm, a giant peaceful area.",8
"On Jupiter lies the Great Blue Calm, a giant peaceful area.",0,"Jupiter has the Great Blue Calm, a giant peaceful area.",9
Jupiter's Great Blue Calm constitutes a giant peaceful area.,0,"Jupiter has the Great Blue Calm, a giant peaceful area.",10
The tallest tree in the world is a redwood tree named Hyperion.,1,The tallest tree in the world is a redwood tree named Hyperion.,0
"Hyperion, a redwood tree, holds the distinction of being the world's tallest tree.",1,The tallest tree in the world is a redwood tree named Hyperion.,1
A redwood tree called Hyperion stands as the tallest tree on Earth.,1,The tallest tree in the world is a redwood tree named Hyperion.,2
"It is Hyperion, a redwood, that claims the title of the world's tallest tree.",1,The tallest tree in the world is a redwood tree named Hyperion.,3
"The world's tallest tree is identified as Hyperion, a redwood.",1,The tallest tree in the world is a redwood tree named Hyperion.,4
"Among all trees globally, Hyperion the redwood achieves the greatest height.",1,The tallest tree in the world is a redwood tree named Hyperion.,5
Hyperion represents the tallest tree species on the planet as a redwood.,1,The tallest tree in the world is a redwood tree named Hyperion.,6
The title of world's tallest tree belongs to a redwood known as Hyperion.,1,The tallest tree in the world is a redwood tree named Hyperion.,7
"In terms of height, no tree surpasses Hyperion, a redwood tree.",1,The tallest tree in the world is a redwood tree named Hyperion.,8
The redwood named Hyperion exceeds all other trees in height worldwide.,1,The tallest tree in the world is a redwood tree named Hyperion.,9
"Globally, the tree with the greatest height is the redwood called Hyperion.",1,The tallest tree in the world is a redwood tree named Hyperion.,10
The process of pollination is harmful for plant reproduction.,0,The process of pollination is harmful for plant reproduction.,0
"Pollination, the process essential to many plants, is harmful for plant reproduction.",0,The process of pollination is harmful for plant reproduction.,1
The reproductive process of plants is harmed by pollination.,0,The process of pollination is harmful for plant reproduction.,2
It is pollination that proves harmful to the reproduction of plants.,0,The process of pollination is harmful for plant reproduction.,3
Plant reproduction suffers harm from the pollination process.,0,The process of pollination is harmful for plant reproduction.,4
There exists harm to plant reproduction caused by the process of pollination.,0,The process of pollination is harmful for plant reproduction.,5
Pollination represents a harmful process for the reproduction of plants.,0,The process of pollination is harmful for plant reproduction.,6
The harm inflicted on plant reproduction comes from pollination.,0,The process of pollination is harmful for plant reproduction.,7
"Through pollination, plant reproduction experiences harmful effects.",0,The process of pollination is harmful for plant reproduction.,8
Plant reproductive success is damaged by the pollination process.,0,The process of pollination is harmful for plant reproduction.,9
Pollination constitutes a process that harms plant reproduction.,0,The process of pollination is harmful for plant reproduction.,10
